[{"id":4,"name":"abb","coordinates":{"x":2.0,"y":2.0},"creationDate":{"date":{"year":2021,"month":9,"day":3},"time":{"hour":15,"minute":30,"second":0,"nano":42000000}},"price":22.0,"discount":2,"person":{"birthday":"Oct 10, 1010 10:10:10 AM","height":2.0,"weight":2.0,"location":{"x":2.0,"y":2,"z":2.0}}},{"id":2,"name":"ac","coordinates":{"x":2.0,"y":2.0},"creationDate":{"date":{"year":2021,"month":9,"day":3},"time":{"hour":15,"minute":28,"second":30,"nano":143000000}},"price":2.0,"discount":2,"person":{"birthday":"Oct 10, 1010 10:10:10 AM","height":2.0,"weight":2.0,"location":{"x":2.0,"y":2,"z":2.0}}},{"id":3,"name":"ab","coordinates":{"x":2.0,"y":2.0},"creationDate":{"date":{"year":2021,"month":9,"day":3},"time":{"hour":15,"minute":28,"second":54,"nano":813000000}},"price":2.0,"discount":2,"person":{"birthday":"Oct 10, 1010 10:10:10 AM","height":2.0,"weight":2.0,"location":{"x":2.0,"y":2,"z":2.0}}},{"id":1,"name":"a","coordinates":{"x":2.0,"y":2.0},"creationDate":{"date":{"year":2021,"month":9,"day":3},"time":{"hour":15,"minute":28,"second":2,"nano":521000000}},"price":2.0,"discount":2,"person":{"birthday":"Oct 10, 1101 10:10:10 AM","height":2.0,"weight":2.0,"location":{"x":2.0,"y":2,"z":2.0}}}]